-- Optional seed for group-dispatch demo dataset

truncate table
  public.group_layout_snapshots,
  public.sousgroupes_enfants,
  public.sousgroupes,
  public.groupes_enfants,
  public.groupes_accos,
  public.groupes,
  public.enfants_incompat_enfants,
  public.enfants_incompat_accos,
  public.enfants,
  public.acco_specialites,
  public.accos
restart identity cascade;

insert into public.accos (id, nom, position) values
  ('a1', 'Marie F.', 0),
  ('a2', 'Pierre G.', 1),
  ('a3', 'Sophie H.', 2),
  ('a4', 'Jean M.', 3),
  ('a5', 'Lucie B.', 4),
  ('a6', 'Romain D.', 5),
  ('a7', 'Camille T.', 6),
  ('a8', 'Antoine V.', 7),
  ('a9', 'Nathalie P.', 8),
  ('a10', 'Julien R.', 9),
  ('a11', 'Claire S.', 10),
  ('a12', 'Marc L.', 11),
  ('a13', 'Isabelle N.', 12),
  ('a14', 'Thomas W.', 13),
  ('a15', 'Audrey C.', 14);

insert into public.acco_specialites (acco_id, specialite, position) values
  ('a1', 'TSA', 0),
  ('a1', 'TDAH', 1),
  ('a2', 'Moteur', 0),
  ('a3', 'TSA', 0),
  ('a4', 'Comportement', 0),
  ('a5', 'TDAH', 0),
  ('a5', 'Sensoriel', 1),
  ('a6', 'TSA', 0),
  ('a6', 'Moteur', 1),
  ('a7', 'Comportement', 0),
  ('a7', 'TDAH', 1),
  ('a8', 'TSA', 0),
  ('a9', 'Sensoriel', 0),
  ('a10', 'TDAH', 0),
  ('a11', 'TSA', 0),
  ('a11', 'Comportement', 1),
  ('a12', 'Moteur', 0),
  ('a12', 'Sensoriel', 1),
  ('a13', 'TSA', 0),
  ('a13', 'TDAH', 1),
  ('a14', 'Comportement', 0),
  ('a15', 'Sensoriel', 0),
  ('a15', 'TSA', 1);

insert into public.enfants (id, nom, age, ratio_max, position) values
  ('e1', 'Lea M.', 7, 2, 0),
  ('e2', 'Tom B.', 7, 3, 1),
  ('e3', 'Jade R.', 8, 1, 2),
  ('e4', 'Noah L.', 8, 3, 3),
  ('e5', 'Emma D.', 7, 2, 4),
  ('e6', 'Lucas P.', 8, 3, 5),
  ('e7', 'Chloe V.', 7, 2, 6),
  ('e8', 'Theo K.', 8, 2, 7),
  ('e9', 'Ines B.', 9, 3, 8),
  ('e10', 'Maxime C.', 10, 2, 9),
  ('e11', 'Zoe A.', 9, 3, 10),
  ('e12', 'Hugo N.', 10, 1, 11),
  ('e13', 'Camille R.', 9, 2, 12),
  ('e14', 'Lola T.', 10, 3, 13),
  ('e15', 'Nathan S.', 9, 2, 14),
  ('e16', 'Manon G.', 11, 3, 15),
  ('e17', 'Axel P.', 11, 2, 16),
  ('e18', 'Clara W.', 12, 3, 17),
  ('e19', 'Raphael D.', 11, 2, 18),
  ('e20', 'Lucie V.', 12, 3, 19),
  ('e21', 'Antoine M.', 11, 1, 20),
  ('e22', 'Sarah B.', 12, 2, 21),
  ('e23', 'Ethan L.', 13, 3, 22),
  ('e24', 'Juliette F.', 13, 2, 23),
  ('e25', 'Enzo C.', 12, 3, 24),
  ('e26', 'Mathilde K.', 13, 2, 25),
  ('e27', 'Bastien R.', 13, 3, 26),
  ('e28', 'Oceane T.', 14, 2, 27),
  ('e29', 'Victor N.', 14, 3, 28),
  ('e30', 'Anais S.', 14, 2, 29);

insert into public.enfants_incompat_enfants (enfant_id, incompatible_enfant_id) values
  ('e1', 'e3'),
  ('e3', 'e1'),
  ('e5', 'e6'),
  ('e6', 'e5'),
  ('e8', 'e10'),
  ('e10', 'e8'),
  ('e12', 'e13'),
  ('e13', 'e12'),
  ('e17', 'e19'),
  ('e19', 'e17'),
  ('e22', 'e24'),
  ('e24', 'e22'),
  ('e27', 'e28'),
  ('e28', 'e27');

insert into public.enfants_incompat_accos (enfant_id, acco_id) values
  ('e2', 'a2'),
  ('e6', 'a1'),
  ('e7', 'a3'),
  ('e11', 'a7'),
  ('e15', 'a9'),
  ('e19', 'a11'),
  ('e23', 'a14'),
  ('e26', 'a15'),
  ('e30', 'a12');

insert into public.groupes (id, nom, age_min, age_max, responsable_id, position) values
  ('g1', 'Groupe Colibri', 7, 8, 'a3', 0),
  ('g2', 'Groupe Panthere', 9, 10, 'a6', 1),
  ('g3', 'Groupe Lynx', 11, 12, 'a10', 2),
  ('g4', 'Groupe Faucon', 13, 14, 'a13', 3);

insert into public.groupes_accos (groupe_id, acco_id, position) values
  ('g1', 'a3', 0),
  ('g1', 'a4', 1),
  ('g1', 'a5', 2),
  ('g2', 'a6', 0),
  ('g2', 'a7', 1),
  ('g2', 'a8', 2),
  ('g3', 'a10', 0),
  ('g3', 'a11', 1),
  ('g3', 'a12', 2),
  ('g4', 'a13', 0),
  ('g4', 'a14', 1),
  ('g4', 'a15', 2);

insert into public.groupes_enfants (groupe_id, enfant_id, position) values
  ('g1', 'e1', 0),
  ('g1', 'e2', 1),
  ('g1', 'e3', 2),
  ('g1', 'e4', 3),
  ('g1', 'e5', 4),
  ('g1', 'e6', 5),
  ('g1', 'e7', 6),
  ('g1', 'e8', 7),
  ('g2', 'e9', 0),
  ('g2', 'e10', 1),
  ('g2', 'e11', 2),
  ('g2', 'e12', 3),
  ('g2', 'e13', 4),
  ('g2', 'e14', 5),
  ('g2', 'e15', 6),
  ('g3', 'e16', 0),
  ('g3', 'e17', 1),
  ('g3', 'e18', 2),
  ('g3', 'e19', 3),
  ('g3', 'e20', 4),
  ('g3', 'e21', 5),
  ('g3', 'e22', 6),
  ('g3', 'e25', 7),
  ('g4', 'e23', 0),
  ('g4', 'e24', 1),
  ('g4', 'e26', 2),
  ('g4', 'e27', 3),
  ('g4', 'e28', 4),
  ('g4', 'e29', 5),
  ('g4', 'e30', 6);

insert into public.sousgroupes (id, groupe_id, acco_id, position) values
  ('sg1', 'g1', 'a3', 0),
  ('sg2', 'g1', 'a4', 1),
  ('sg3', 'g1', 'a5', 2),
  ('sg4', 'g2', 'a6', 0),
  ('sg5', 'g2', 'a7', 1),
  ('sg6', 'g2', 'a8', 2),
  ('sg7', 'g3', 'a10', 0),
  ('sg8', 'g3', 'a11', 1),
  ('sg9', 'g3', 'a12', 2),
  ('sg10', 'g4', 'a13', 0),
  ('sg11', 'g4', 'a14', 1),
  ('sg12', 'g4', 'a15', 2);

insert into public.sousgroupes_enfants (sousgroupe_id, groupe_id, enfant_id, position) values
  ('sg1', 'g1', 'e1', 0),
  ('sg1', 'g1', 'e2', 1),
  ('sg2', 'g1', 'e4', 0),
  ('sg2', 'g1', 'e6', 1),
  ('sg2', 'g1', 'e8', 2),
  ('sg3', 'g1', 'e3', 0),
  ('sg3', 'g1', 'e5', 1),
  ('sg3', 'g1', 'e7', 2),
  ('sg4', 'g2', 'e9', 0),
  ('sg4', 'g2', 'e14', 1),
  ('sg5', 'g2', 'e10', 0),
  ('sg5', 'g2', 'e13', 1),
  ('sg6', 'g2', 'e12', 0),
  ('sg6', 'g2', 'e15', 1),
  ('sg7', 'g3', 'e16', 0),
  ('sg7', 'g3', 'e18', 1),
  ('sg7', 'g3', 'e25', 2),
  ('sg8', 'g3', 'e20', 0),
  ('sg8', 'g3', 'e22', 1),
  ('sg9', 'g3', 'e17', 0),
  ('sg9', 'g3', 'e21', 1),
  ('sg10', 'g4', 'e23', 0),
  ('sg11', 'g4', 'e24', 0),
  ('sg11', 'g4', 'e29', 1),
  ('sg12', 'g4', 'e27', 0),
  ('sg12', 'g4', 'e28', 1),
  ('sg12', 'g4', 'e30', 2);
